[
    {
        "outputFileName": "wwwroot/lib/VerraMobility/css/VerraMobility.min.css",
        "inputFiles": [
            "wwwroot/lib/VerraMobility/css/VerraMobility.css"
        ]
    },
    {
        "outputFileName": "wwwroot/css/site.min.min.css",
        "inputFiles": [
            "wwwroot/css/site.min.css"
        ]
    },
    {
        "outputFileName": "wwwroot/css/site.min.css",
        "inputFiles": [
            "wwwroot/css/site.css"
        ]
    },
    {
        "outputFileName": "wwwroot/lib/bootstrap/dist/css/bootstrap-multiselect.min.css",
        "inputFiles": [
            "wwwroot/lib/bootstrap/dist/css/bootstrap-multiselect.css"
        ]
    },
    {
        "outputFileName": "wwwroot/lib/bootstrap/dist/js/bootstrap-multiselect.min.js",
        "inputFiles": [
            "wwwroot/lib/bootstrap/dist/js/bootstrap-multiselect.js"
        ]
    },
    {
        "outputFileName": "wwwroot/js/ExcelFileReader.min.js",
        "inputFiles": [
            "wwwroot/js/ExcelFileReader.js"
        ]
    },
    {
        "outputFileName": "wwwroot/js/notification.min.js",
        "inputFiles": [
            "wwwroot/js/notification.js"
        ]
    },
    {
        "outputFileName": "wwwroot/js/notification/notify.min.js",
        "inputFiles": [
            "wwwroot/js/notification/notify.js"
        ]
    },
    {
        "outputFileName": "wwwroot/js/site.min.js",
        "inputFiles": [
            "wwwroot/js/site.js"
        ]
    },
    {
        "outputFileName": "wwwroot/lib/signalr/dist/browser/signalr.min.js",
        "inputFiles": [
            "wwwroot/lib/signalr/dist/browser/signalr.js"
        ]
    }
]
